Qty;Value;Device;Package;Parts;Description;OC_FARNELL;P/pcs;Totaal per snuffelneus;Totaal 5 snuffelneuzen
1;;DHT11;DHT11;SV2;PIN HEADER;-;;0;0
1;;LED5MM;LED5MM;LED1;LED;1855545;0,248;0,248;1,24
1;;M02-JST-2MM-SMT;S2B-PH;JP1;Header 2;;;0;0
1;;M025MM;SCREWTERMINAL-5MM-2;JP3;Header 2;;;0;0
1;;NO2-SENSOR;DIP08;R38;Resistor;;;0;0
1;;PINHD-1X3;1X03;JP9;PIN HEADER;;;0;0
1;;PINHD-2X3;2X03;JP2;PIN HEADER;;;0;0
8;;RESISTOR;805;R3, R10, R26, R27, R28, R32, R33, R34;Resistor;;;0;0
1;;RGBLED;150141M173100;LED2;OSRAM;2322115;0,35;0,35;1,75
23;0.1uF;CAP0805;805;C1, C2, C4, C5, C11, C12, C14, C18, C19, C21, C22, C23, C24, C25, C28, C29, C32, C34, C36, C38, C39, C40, C42;Capacitor;;;0;0
1;1.2M;RESISTOR;805;R12;Resistor;;;0;0
2;100K;RESISTOR;805;R13, R19;Resistor;;;0;0
2;100k;RESISTOR;805;R6, R39;Resistor;;;0;0
2;10K;RESISTOR;805;R15, R40;Resistor;;;0;0
3;10k;RESISTOR;805;R2, R20, R21;Resistor;;;0;0
12;10uF;CAP0805;805;C3, C9, C10, C13, C26, C27, C30, C31, C33, C35, C37, C41;Capacitor;;;0;0
8;1K;RESISTOR;805;R4, R7, R9, R14, R25, R29, R30, R31;Resistor;;;0;0
2;2.2uF;CAP0805;805;C17, C20;Capacitor;;;0;0
1;2.2uH, 1.2A;INDUCTORCR75;LPS3015-222MLC;L1;Inductors;;;0;0
4;20;RESISTOR;805;R18, R22, R23, R24;Resistor;;;0;0
2;220k;RESISTOR;805;R11, R17;Resistor;;;0;0
1;22uF;CAP0805;805;C8;Capacitor;;;0;0
1;249;RESISTOR;805;R16;Resistor;;;0;0
1;2M;RESISTOR;805;R8;Resistor;;;0;0
1;2k;RESISTOR;805;R5;Resistor;;;0;0
1;3.6K;RESISTOR;805;R35;Resistor;;;0;0
1;5K;RESISTOR;805;R41;Resistor;;;0;0
1;DIODE-DRIGE;DIODE-DRIGE;SOT353;DN2;4 DIODES;;;0;0
1;ESD-USBSOT457;ESD-USBSOT457;SOT457;DN1;4 DIODES;;;0;0
1;HC_05;HC_05;BLUETOOTH_SMD;U3;;;;0;0
1;LM4040D50IDBZR;LM4040D50IDBZR;SOT95P237X112-3N;U2;PRECISION MICROPOWER SHUNT VOLTAGE REFERENCE;1652239;;0;0
1;MCP73831;MCP73831;SOT23-5;U1;Microchip's MCP73831;;;0;0
1;OPAMP-DUAL;OPAMP-DUAL;SOIC127P600X175-8N;IC2;Operational Amplifier;;;0;0
1;OPAMP-QUAD;OPAMP-QUAD;SOIC127P600X175-14N;IC3;Operational Amplifier;;;0;0
5;PMR290UNE;PMR290UNE;SOT23;Q3, Q4, Q5, Q6, Q7;"N-Channel Enhancement MOSFET 200V; 1.5A; 1,6Ohm";2069565;0,091;0,455;2,275
1;SN74LVC3G17DCTR;SN74LVC3G17DCTR;SOP65P400X130-8N;ST;TRIPLE SCHMITT-TRIGGER BUFFER;1236391;0,53;0,53;2,65
4;TM-533I-Q-T/RS;TM-533I-Q-T/RS;TM-533I-Q-T/R;BLDR-EN, RESET, S3, S4;6.2 X 6.5mm TACT Switch (SMD);;;0;0
1;TPS61200;TPS61200;QFN-10_PAD;U6;DC to DC Booster;;;0;0
8;TPTP20R;TPTP20R;TP20R;TP1, TP2, TP3, TP4, TP5, TP6, TP7, TP8;Test pad;;;0;0
1;USB;USB;MICRO-USB-B;X1;USB Connectors;1568026;1,08;1,08;5,4
1;XMEGA128A4UA;XMEGA128A4UA;TQFP44;IC1;MICROCONTROLLER;2318844;4,45;4,45;22,25
